{"cameraMode":{"drawMode":0,"name":"Shaded","section":"Shading Mode"},"sceneLighting":false,"audioPlay":false,"sceneViewState":{"m_AlwaysRefresh":false,"showFog":false,"showSkybox":false,"showFlares":false,"showImageEffects":false,"showParticleSystems":false,"showVisualEffectGraphs":true,"m_FxEnabled":true},"in2DMode":false,"pivot":{"x":0.00013208389282226563,"y":0.8425500988960266,"z":0.011569738388061524},"rotation":{"x":-0.08236256241798401,"y":0.036168575286865237,"z":-0.0029886350966989996,"w":-0.995961606502533},"size":1.3629720211029053,"orthographic":false}