{"cameraMode":{"drawMode":0,"name":"Shaded","section":"Shading Mode"},"sceneLighting":false,"audioPlay":false,"sceneViewState":{"m_AlwaysRefresh":false,"showFog":false,"showSkybox":false,"showFlares":false,"showImageEffects":false,"showParticleSystems":false,"showVisualEffectGraphs":true,"m_FxEnabled":true},"in2DMode":false,"pivot":{"x":0.07261699438095093,"y":0.8237316012382507,"z":0.04426807165145874},"rotation":{"x":-0.19281776249408723,"y":0.37429171800613406,"z":-0.08009402453899384,"w":-0.9036520719528198},"size":1.3573333024978638,"orthographic":false}