{"cameraMode":{"drawMode":0,"name":"Shaded","section":"Shading Mode"},"sceneLighting":false,"audioPlay":false,"sceneViewState":{"m_AlwaysRefresh":false,"showFog":false,"showSkybox":false,"showFlares":false,"showImageEffects":false,"showParticleSystems":false,"showVisualEffectGraphs":true,"m_FxEnabled":true},"in2DMode":false,"pivot":{"x":0.11191317439079285,"y":0.8175444006919861,"z":0.16108396649360658},"rotation":{"x":-0.1389700472354889,"y":0.07391684502363205,"z":-0.010587931610643864,"w":-0.9876106977462769},"size":1.464749813079834,"orthographic":false}