{"cameraMode":{"drawMode":0,"name":"Shaded","section":"Shading Mode"},"sceneLighting":true,"audioPlay":false,"sceneViewState":{"m_AlwaysRefresh":false,"showFog":true,"showSkybox":true,"showFlares":true,"showImageEffects":true,"showParticleSystems":true,"showVisualEffectGraphs":true,"m_FxEnabled":true},"in2DMode":false,"pivot":{"x":0.6739150285720825,"y":1.4018782377243043,"z":0.6127932667732239},"rotation":{"x":-0.0765920951962471,"y":0.8583623766899109,"z":-0.13389787077903748,"w":-0.4901702105998993},"size":0.8660253882408142,"orthographic":false}