{"cameraMode":{"drawMode":0,"name":"Shaded","section":"Shading Mode"},"sceneLighting":true,"audioPlay":false,"sceneViewState":{"m_AlwaysRefresh":false,"showFog":true,"showSkybox":true,"showFlares":true,"showImageEffects":true,"showParticleSystems":true,"showVisualEffectGraphs":true,"m_FxEnabled":true},"in2DMode":false,"pivot":{"x":0.316827654838562,"y":-100.33624267578125,"z":-52.969356536865237},"rotation":{"x":0.32427531480789187,"y":-0.30207565426826479,"z":0.11008753627538681,"w":0.8897029757499695},"size":1.6843810081481934,"orthographic":false}