{"cameraMode":{"drawMode":0,"name":"Shaded","section":"Shading Mode"},"sceneLighting":true,"audioPlay":false,"sceneViewState":{"m_AlwaysRefresh":false,"showFog":true,"showSkybox":true,"showFlares":true,"showImageEffects":true,"showParticleSystems":true,"showVisualEffectGraphs":true,"m_FxEnabled":true},"in2DMode":false,"pivot":{"x":1.0434536933898926,"y":-100.97235107421875,"z":-51.10139083862305},"rotation":{"x":0.20660124719142915,"y":-0.46507880091667178,"z":0.11286059021949768,"w":0.8535829186439514},"size":3.6978025436401369,"orthographic":false}