{"cameraMode":{"drawMode":0,"name":"Shaded","section":"Shading Mode"},"sceneLighting":true,"audioPlay":false,"sceneViewState":{"m_AlwaysRefresh":false,"showFog":true,"showSkybox":true,"showFlares":true,"showImageEffects":true,"showParticleSystems":true,"showVisualEffectGraphs":true,"m_FxEnabled":true},"in2DMode":false,"pivot":{"x":-2.8050179481506349,"y":-100.44990539550781,"z":-51.63593292236328},"rotation":{"x":-0.17663419246673585,"y":0.39047059416770937,"z":-0.07684282958507538,"w":-0.9003931879997253},"size":1.0885241031646729,"orthographic":false}