{"cameraMode":{"drawMode":0,"name":"Shaded","section":"Shading Mode"},"sceneLighting":true,"audioPlay":false,"sceneViewState":{"m_AlwaysRefresh":false,"showFog":true,"showSkybox":true,"showFlares":true,"showImageEffects":true,"showParticleSystems":true,"showVisualEffectGraphs":true,"m_FxEnabled":true},"in2DMode":false,"pivot":{"x":0.14432835578918458,"y":-100.73986053466797,"z":-53.76886749267578},"rotation":{"x":0.17507170140743257,"y":-0.27876192331314089,"z":0.051929667592048648,"w":0.9430249929428101},"size":2.488267421722412,"orthographic":false}