{"cameraMode":{"drawMode":0,"name":"Shaded","section":"Shading Mode"},"sceneLighting":true,"audioPlay":false,"sceneViewState":{"m_AlwaysRefresh":false,"showFog":true,"showSkybox":true,"showFlares":true,"showImageEffects":true,"showParticleSystems":true,"showVisualEffectGraphs":true,"m_FxEnabled":true},"in2DMode":false,"pivot":{"x":-307.74981689453127,"y":77.88158416748047,"z":40.617130279541019},"rotation":{"x":0.26914364099502566,"y":0.011660591699182988,"z":-0.0015301378443837166,"w":0.9633822441101074},"size":2.322056293487549,"orthographic":false}