{"cameraMode":{"drawMode":0,"name":"Shaded","section":"Shading Mode"},"sceneLighting":true,"audioPlay":false,"sceneViewState":{"m_AlwaysRefresh":false,"showFog":true,"showSkybox":true,"showFlares":true,"showImageEffects":true,"showParticleSystems":true,"showVisualEffectGraphs":true,"m_FxEnabled":true},"in2DMode":false,"pivot":{"x":-261.2560729980469,"y":-149.32191467285157,"z":142.0133514404297},"rotation":{"x":0.5125858783721924,"y":-0.00584224471822381,"z":0.003764914348721504,"w":0.8591960668563843},"size":174.54684448242188,"orthographic":false}