{"cameraMode":{"drawMode":0,"name":"Shaded","section":"Shading Mode"},"sceneLighting":true,"audioPlay":false,"sceneViewState":{"m_AlwaysRefresh":false,"showFog":true,"showSkybox":true,"showFlares":true,"showImageEffects":true,"showParticleSystems":true,"showVisualEffectGraphs":true,"m_FxEnabled":true},"in2DMode":false,"pivot":{"x":0.3388025164604187,"y":-101.0936050415039,"z":-55.0869255065918},"rotation":{"x":-0.06021585687994957,"y":0.04223235324025154,"z":-0.0028130963910371067,"w":-0.9974311590194702},"size":0.516502857208252,"orthographic":false}