{"cameraMode":{"drawMode":0,"name":"Shaded","section":"Shading Mode"},"sceneLighting":true,"audioPlay":false,"sceneViewState":{"m_AlwaysRefresh":false,"showFog":true,"showSkybox":true,"showFlares":true,"showImageEffects":true,"showParticleSystems":true,"showVisualEffectGraphs":true,"m_FxEnabled":true},"in2DMode":false,"pivot":{"x":-1.62850022315979,"y":0.055414825677871707,"z":0.756843090057373},"rotation":{"x":-0.009024742990732193,"y":-0.7998005151748657,"z":-0.011972693726420403,"w":0.6002069115638733},"size":2.4330453872680666,"orthographic":false}