{"cameraMode":{"drawMode":0,"name":"Shaded","section":"Shading Mode"},"sceneLighting":true,"audioPlay":false,"sceneViewState":{"m_AlwaysRefresh":false,"showFog":true,"showSkybox":true,"showFlares":true,"showImageEffects":true,"showParticleSystems":true,"showVisualEffectGraphs":true,"m_FxEnabled":true},"in2DMode":false,"pivot":{"x":2.912619113922119,"y":1.4770116806030274,"z":2.9377353191375734},"rotation":{"x":-0.02247508428990841,"y":0.6764160990715027,"z":-0.02034737356007099,"w":-0.7364696860313416},"size":1.3381608724594117,"orthographic":false}