{"cameraMode":{"drawMode":0,"name":"Shaded","section":"Shading Mode"},"sceneLighting":true,"audioPlay":false,"sceneViewState":{"m_AlwaysRefresh":false,"showFog":true,"showSkybox":true,"showFlares":true,"showImageEffects":true,"showParticleSystems":true,"showVisualEffectGraphs":true,"m_FxEnabled":true},"in2DMode":false,"pivot":{"x":0.012277588248252869,"y":0.91729736328125,"z":1.4671738147735596},"rotation":{"x":-0.007839997299015522,"y":0.7936583161354065,"z":0.012129939161241055,"w":0.6088321805000305},"size":1.17738938331604,"orthographic":false}