{"cameraMode":{"drawMode":0,"name":"Shaded","section":"Shading Mode"},"sceneLighting":true,"audioPlay":false,"sceneViewState":{"m_AlwaysRefresh":false,"showFog":true,"showSkybox":false,"showFlares":true,"showImageEffects":true,"showParticleSystems":true,"showVisualEffectGraphs":true,"m_FxEnabled":true},"in2DMode":false,"pivot":{"x":44.91184997558594,"y":2.0694515705108644,"z":66.41210174560547},"rotation":{"x":0.02488909848034382,"y":0.26844507455825808,"z":-0.006866832263767719,"w":0.9634764194488525},"size":51.843475341796878,"orthographic":false}