{"cameraMode":{"drawMode":0,"name":"Shaded","section":"Shading Mode"},"sceneLighting":false,"audioPlay":false,"sceneViewState":{"m_AlwaysRefresh":false,"showFog":false,"showSkybox":false,"showFlares":false,"showImageEffects":false,"showParticleSystems":false,"showVisualEffectGraphs":true,"m_FxEnabled":true},"in2DMode":false,"pivot":{"x":0.07243919372558594,"y":0.823398768901825,"z":0.04413259029388428},"rotation":{"x":0.09934728592634201,"y":-0.6706808805465698,"z":0.09172259271144867,"w":0.7295215725898743},"size":1.3575658798217774,"orthographic":false}