{"cameraMode":{"drawMode":0,"name":"Shaded","section":"Shading Mode"},"sceneLighting":false,"audioPlay":false,"sceneViewState":{"m_AlwaysRefresh":false,"showFog":true,"showSkybox":false,"showFlares":true,"showImageEffects":true,"showParticleSystems":true,"showVisualEffectGraphs":true,"m_FxEnabled":true},"in2DMode":false,"pivot":{"x":0.0016237497329711915,"y":0.91729736328125,"z":0.02416829764842987},"rotation":{"x":-0.1247168630361557,"y":0.1947217434644699,"z":-0.02510787546634674,"w":-0.9730283617973328},"size":1.17738938331604,"orthographic":false}